row,company,priority,category,contact_name,title,division,location,company_domain,linkedin_search,why_them,confidence,evidence_url,flag
1,Mubadala Energy,IMMEDIATE,SCR Operator (O&G),Mansoor Mohamed Al Hamed,Managing Director & CEO,Executive,Abu Dhabi UAE,mubadalaenergy.com,"Mansoor Al Hamed Mubadala Energy","Named publicly as leading the Tangkulo development. FID is next month - this is the narrowest window on the whole list.",HIGH,https://www.slb.com/newsroom/press-release/2026/pr-2026-0212-mubadala,SHEET CORRECTION - see brief
1b,Mubadala Energy,IMMEDIATE,SCR Operator (O&G),Adnan Fateem,Acting CEO (fmr COO / SVP Technical),Technical & Operations,Abu Dhabi UAE,mubadalaenergy.com,"Adnan Fateem Mubadala Energy","Ex-SVP Technical and COO. The technical buyer for a host decision - better first call than the CEO on hull selection.",HIGH,https://mubadalaenergy.com/who-we-are/,PRIMARY TECHNICAL TARGET
2,Copenhagen Infrastructure Partners,IMMEDIATE,Dynamic Cable (Floating Wind),Nischal Agarwal,Partner,Investment,Copenhagen Denmark,cip.com,"Nischal Agarwal Copenhagen Infrastructure Partners","Confirmed Partner - matches your sheet. CIP is the largest greenfield renewables fund manager globally.",HIGH,https://theorg.com/org/copenhagen-infrastructure-partners/teams/leadership-team,
2b,Copenhagen Infrastructure Partners,IMMEDIATE,Dynamic Cable (Floating Wind),Martin Neubert,Partner,Investment,Copenhagen Denmark,cip.com,"Martin Neubert Copenhagen Infrastructure Partners","Former Orsted Group Deputy CEO and CCO - he built Orsted's offshore business. Now a CIP Partner. Highest-leverage single name on this list for the dynamic-cable argument.",HIGH,https://theorg.com/org/copenhagen-infrastructure-partners/teams/leadership-team,HIGH-VALUE ADD
3,Equinor,IMMEDIATE,SCR Operator (O&G),Kjetil Hove,EVP Exploration & Production Norway,EPN,Stavanger Norway,equinor.com,"Kjetil Hove Equinor","Runs E&P Norway - owns the deepwater production host decision on the NCS.",HIGH,https://www.equinor.com/,
3b,Equinor,IMMEDIATE,SCR Operator (O&G),Pal Eitrheim,EVP Renewables,Renewables,Stavanger Norway,equinor.com,"Pal Eitrheim Equinor","Equinor is the world's leading floating wind developer (Hywind Tampen). Dual-pitch entry point alongside the SCR argument.",HIGH,https://www.equinor.com/energy/floating-wind,
4,bp,IMMEDIATE,SCR Operator (O&G),Andy Krieger,"SVP, Gulf of Mexico & Canada",Production & Operations,Houston USA,bp.com,"Andy Krieger bp Gulf of Mexico","Owns Kaskida. Development plan approved March 2026, first production 2029 - hull decisions are live now.",HIGH,https://www.bp.com/en/global/corporate/news-and-insights/press-releases/bp-gives-go-ahead-for-sixth-operated-hub-kaskida-in-the-us-gulf-of-mexico.html,
4b,bp,IMMEDIATE,SCR Operator (O&G),Gordon Birrell,EVP Production & Operations,Production & Operations,London UK,bp.com,"Gordon Birrell bp","Escalation path above Krieger if the GoM route stalls.",HIGH,https://www.bp.com/,
5,Samsung Heavy Industries,IMMEDIATE,Shipyard Partner,Hae-Ki Jang,Chief Technology Officer,Technology,Geoje South Korea,samsung.com,"Hae-Ki Jang Samsung Heavy Industries CTO","Confirmed CTO and the named public voice on SnapWind Float - exactly the relationship your sheet flags. Also fronts SHI's FLNG and floating CO2 storage designs.",HIGH,https://marine-offshore.bureauveritas.com/newsroom/bureau-veritas-and-samsung-heavy-industries-announce-expanded-offshore-energy,VERIFIES SHEET
6,Eni,HIGH,SCR Operator (O&G),Guido Brusco,COO Global Natural Resources & General Manager,Natural Resources,Rome Italy,eni.com,"Guido Brusco Eni","Single most senior upstream decision maker at Eni - owns exploration, engineering, development and production. Publicly bullish on FLNG.",HIGH,https://www.eni.com/en-IT/company/biographies/guido-brusco.html,PRIMARY TARGET
7,TotalEnergies (O&G),HIGH,SCR Operator (O&G),Aurelie Clave,"VP, Deep Offshore",Exploration & Production,Paris France,totalenergies.com,"Aurelie Clave TotalEnergies Deep Offshore","Exact role match - VP Deep Offshore, oversees deepwater development across the global upstream portfolio. Best single title-to-pitch fit on the entire list.",HIGH,https://aecweek.com/speakers/aurelie-clave,BEST ROLE MATCH
7b,TotalEnergies (O&G),HIGH,SCR Operator (O&G),Mike Sangster,"SVP Africa, Exploration & Production",Exploration & Production,Paris France,totalenergies.com,"Mike Sangster TotalEnergies Africa","Owns the Uganda and Mozambique blocks your sheet cites as the live requirement.",HIGH,https://totalenergies.com/uganda,
8,Petrobras,HIGH,SCR Operator (O&G),Sylvia Anjos,Executive Director Exploration & Production,E&P,Rio de Janeiro Brazil,petrobras.com.br,"Sylvia Anjos Petrobras","Runs E&P. Most SCR-intensive operator on earth per your own sheet - the riser-saving argument lands hardest here.",HIGH,https://www.investidorpetrobras.com.br/en/esg-environment-social-and-governance/management/,
9,RWE Offshore Wind,HIGH,Dynamic Cable (Floating Wind),Tobias Keitel,CTO (becomes CEO 1 Oct 2026),Executive Board,Essen Germany,rwe.com,"Tobias Keitel RWE Offshore Wind","Currently CTO, takes over as CEO on 1 October 2026. Reach him as CTO now and you have the incoming CEO already briefed.",HIGH,https://www.rwe.com/en/press/rwe-ag/2026-05-05-changes-to-the-management-board-of-rwe-offshore-wind-gmbh/,TIMING CRITICAL
9b,RWE Offshore Wind,HIGH,Dynamic Cable (Floating Wind),Julian Garnsey,Director Construction & Project Delivery (becomes CTO 1 Oct 2026),Construction,Essen Germany,rwe.com,"Julian Garnsey RWE","Incoming CTO. Owns construction and project delivery - the dynamic cable failure-risk argument is his problem directly.",HIGH,https://www.rwe.com/en/press/rwe-ag/2026-05-05-changes-to-the-management-board-of-rwe-offshore-wind-gmbh/,
10,Orsted,HIGH,Dynamic Cable (Floating Wind),Rasmus Errboe,Group President & CEO,Executive,Copenhagen Denmark,orsted.com,"Rasmus Errboe Orsted CEO","CEO. Orsted took a majority stake in the Salamander Scottish floating project - floating is live again for them.",HIGH,https://www.rivieramm.com/news-content-hub/news-content-hub/orsted-acquires-majority-stake-in-scottish-floating-wind-project-70564,
10b,Orsted,HIGH,Dynamic Cable (Floating Wind),Duncan Clark,Head of UK / Region Head,UK,London UK,orsted.com,"Duncan Clark Orsted UK","Owns the UK floating portfolio including Salamander.",MEDIUM,https://www.rivieramm.com/news-content-hub/news-content-hub/orsted-acquires-majority-stake-in-scottish-floating-wind-project-70564,
11,TotalEnergies Renewables,HIGH,Dynamic Cable (Floating Wind),Thierry Muller,Project Director Centre Manche Energies,Renewables,Paris France,totalenergies.com,"Thierry Muller TotalEnergies Centre Manche","Runs TotalEnergies' 1.5GW Normandy offshore project. AO10 bids close ~Oct 2026, award Feb 2027 - 5GW of it is floating.",MEDIUM,https://totalenergies.com/newsroom/france-totalenergies-files-for-authorization-of-its-giant-centre-manche-energies-offshore-wind-project/?lang=eng,
12,JERA Nex bp (fmr bp Offshore Wind),HIGH,Dynamic Cable (Floating Wind),Satoshi Yajima,CEO JERA Nex bp / Chief Renewable Energy Officer JERA,Executive,London UK,jeranex.com,"Satoshi Yajima JERA Nex bp","bp's offshore wind business no longer exists standalone - it is now the JERA Nex bp JV, London-based, and Yajima runs it.",HIGH,https://jeranex.com/jera-nex-bp/,SHEET CORRECTION
13,Technip Energies,HIGH,EPC / Systems Packager,Loic Chapuis,President Project Delivery & Services,Project Delivery,Paris France,technipenergies.com,"Loic Chapuis Technip Energies","Appointed to ExCom effective 16 March 2026. Owns project delivery - the packaging route your sheet describes.",HIGH,https://www.ten.com/en/about/executive-team,
13b,Technip Energies,HIGH,EPC / Systems Packager,Arnaud Pieton,Chief Executive Officer,Executive,Paris France,technipenergies.com,"Arnaud Pieton Technip Energies CEO","CEO. French company, AO10 local-content requirements are a board-level topic for him.",HIGH,https://www.ten.com/en/about/executive-team,
14,Saipem,HIGH,EPC / Systems Packager,Massimiliano Bellotti,COO Asset Based Services,Offshore E&C,Milan Italy,saipem.com,"Massimiliano Bellotti Saipem","Runs asset-based services - offshore installation capability. Spoke at OTC 2026 Houston. Note your sheet's Hexafloat conflict flag applies to him directly.",HIGH,https://www.saipem.com/en/about-us/top-management,
15,Apollo Global Management,HIGH,Capital / MILC Fund,Adam Petrie,"Partner, Infrastructure Group",Infrastructure,London UK,apollo.com,"Adam Petrie Apollo Global Management Infrastructure","Confirmed on Apollo's own site - matches your sheet. Sits on the boards of Hornsea Three and BP Pipelines TAP/TANAP. Already underwrites offshore wind and energy infrastructure risk.",HIGH,https://www.apollo.com/aboutus/leadership-and-people/adam-petrie,VERIFIES SHEET
15b,Apollo Global Management,HIGH,Capital / MILC Fund,Harry Seekings,Co-Head of Infrastructure,Infrastructure,London UK,apollo.com,"Harry Seekings Apollo Infrastructure","Petrie's boss. Escalation path for the MILC/AerCap framing.",HIGH,https://www.apollo.com/aboutus/leadership-and-people,
16,Vattenfall,HIGH,Dynamic Cable (Floating Wind),David Flood,Head of Business Unit Offshore Wind,Offshore Wind,Stockholm Sweden,vattenfall.com,"David Flood Vattenfall Offshore Wind","New in post 2 March 2026 from Statkraft. WARNING: Vattenfall is exiting floating - CEO said publicly they do not see it happening, and they sold the Muir Mhor floating stake in April 2026. Deprioritise.",HIGH,https://www.windtech-international.com/company-news/david-flood-appointed-head-of-vattenfalls-offshore-wind-unit,SHEET PREMISE BROKEN
18,Chevron,HIGH,SCR Operator (O&G),Bruce Niemeyer,President Americas Exploration & Production,Americas E&P,Houston USA,chevron.com,"Bruce Niemeyer Chevron Americas","Owns the GoM portfolio including Anchor. Next GoM deepwater field needs an SCR host at affordable cost.",HIGH,https://www.chevron.com/newsroom/2024/q3/chevron-starts-production-at-anchor-with-industry-first-deepwater-technology,
18b,Chevron,HIGH,SCR Operator (O&G),Balaji Krishnamurthy,"VP, Chevron Technical Center",Technical Center,Houston USA,chevron.com,"Balaji Krishnamurthy Chevron Technical Center","Technical evaluation route. Anchor was an industry-first 20k psi deepwater project - this org validated it.",MEDIUM,https://www.chevron.com/newsroom/2024/q3/chevron-starts-production-at-anchor-with-industry-first-deepwater-technology,
19,Woodside,HIGH,SCR Operator (O&G),Daniel Kalms,"EVP & COO International (fmr EVP Technical Services / CTO)",International,Perth Australia / Houston,woodside.com,"Daniel Kalms Woodside Energy","Was EVP Technical Services and CTO - owned engineering and subsurface. Now COO International. The Scarborough flexible-riser cost lesson is his institutional memory.",HIGH,https://www.woodside.com/who-we-are/leadership,
19b,Woodside,HIGH,SCR Operator (O&G),Liz Westcott,Chief Executive Officer,Executive,Perth Australia,woodside.com,"Liz Westcott Woodside CEO","New CEO appointed 18 March 2026 after Meg O'Neill left for bp. New CEOs re-open cost questions - a live window.",HIGH,https://www.woodside.com/docs/default-source/asx-announcements/2026/018-liz-westcott-appointed-woodside-ceo.pdf,TIMING OPPORTUNITY
20,Ocean Winds (EDPR/Engie),HIGH,Dynamic Cable (Floating Wind),Craig Windram,Chief Executive Officer,Executive,Madrid Spain,oceanwinds.com,"Craig Windram Ocean Winds CEO","CEO since July 2024. Built WindFloat Atlantic - the world's first semi-submersible floating wind farm. Already contracts Navantia for floating platforms (see row 23).",HIGH,https://www.oceanwinds.com/news/uncategorized/ocean-winds-to-welcome-craig-windram-as-chief-executive-officer/,CROSS-REF ROW 23
21,Corio Generation,HIGH,Dynamic Cable (Floating Wind),,,,,,,"DEAD TARGET. Corio ceased to exist on 1 April 2026. Macquarie wound it down after failing to find a buyer; projects absorbed into Macquarie Asset Management and handled case-by-case. Remove from list.",HIGH,https://www.windpowermonthly.com/article/1953513/corio-shuts-down-parent-company-takes-offshore-wind-projects,REMOVE - COMPANY DISSOLVED
23,Navantia Seanergies,HIGH,Shipyard Partner,Javier Herrador,Director / VP Navantia Seanergies,Seanergies,Madrid Spain,navantia.es,"Javier Herrador Navantia Seanergies","Runs Navantia's offshore wind arm. Upgraded the Fene yard in Galicia for large-scale floating foundation production. AO10 European content requirement is structural for him.",MEDIUM,https://navantiaseanergies.com/en/,CROSS-REF ROW 20
